On,SERVO-i,Mental Health OfficePsychiatric Assessment & Inpatient Unit
Off,SERVO-i,Cardiology Inpatient Unit
On,SERVO-i,Inpatient Unit
Off,SERVO-i,Cardiology Inpatient Unit
Off,Hamilton Medical G5,Cardiac Clinical Trials
On,Hamilton Medical G5,Medical Respiratory Inpatient Unit
Off,Hamilton Medical G5,Mental Health OfficePsychiatric Assessment & Inpatient Unit
On,SERVO-i,Medical Respiratory Inpatient Unit
Off,Hamilton Medical G5,Cardiology Inpatient Unit
On,Hamilton Medical G5,Cardiology Inpatient Unit
On,SERVO-i,Medical Respiratory Inpatient Unit
Off,SERVO-i,Inpatient Unit
On,Hamilton Medical G5,Mental Health OfficePsychiatric Assessment & Inpatient Unit
On,SERVO-i,Cardiac Clinical Trials
Off,SERVO-i,Adolescent Psychiatry
On,Hamilton Medical G5,Adolescent Psychiatry
Off,SERVO-i,Cardiac Clinical Trials
On,SERVO-i,Adolescent Psychiatry
On,Hamilton Medical G5,Adolescent Psychiatry
On,SERVO-i,Laboratory & Pathology Medicine
On,Hamilton Medical G5,Cardiology Inpatient Unit
On,SERVO-i,Laboratory & Pathology Medicine
On,SERVO-i,Medical Respiratory Inpatient Unit
On,SERVO-i,Inpatient Unit
On,SERVO-i,Inpatient Unit
Off,SERVO-i,Mental Health OfficePsychiatric Assessment & Inpatient Unit
Off,Hamilton Medical G5,Cardiac Clinical Trials
On,SERVO-i,Cardiology Inpatient Unit
Off,Hamilton Medical G5,Mental Health OfficePsychiatric Assessment & Inpatient Unit
Off,SERVO-i,Cardiac Clinical Trials
On,Hamilton Medical G5,Cardiology Inpatient Unit
Off,Hamilton Medical G5,Cardiology Inpatient Unit
Off,SERVO-i,Mental Health OfficePsychiatric Assessment & Inpatient Unit
Off,Hamilton Medical G5,Cardiac Clinical Trials
On,Hamilton Medical G5,Inpatient Unit
On,Hamilton Medical G5,Adolescent Psychiatry
On,Hamilton Medical G5,Cardiac Clinical Trials
Off,Hamilton Medical G5,Cardiology Inpatient Unit
On,SERVO-i,Cardiac Clinical Trials
Off,SERVO-i,Mental Health OfficePsychiatric Assessment & Inpatient Unit
Off,Hamilton Medical G5,Medical Respiratory Inpatient Unit
Off,SERVO-i,Inpatient Unit
Off,Hamilton Medical G5,Mental Health OfficePsychiatric Assessment & Inpatient Unit
On,SERVO-i,Laboratory & Pathology Medicine
On,SERVO-i,Adolescent Psychiatry
Off,Hamilton Medical G5,Cardiac Clinical Trials
Off,Hamilton Medical G5,Cardiology Inpatient Unit
Off,Hamilton Medical G5,Cardiology Inpatient Unit
On,Hamilton Medical G5,Mental Health OfficePsychiatric Assessment & Inpatient Unit
Off,SERVO-i,Cardiac Clinical Trials
Off,SERVO-i,Inpatient Unit
Off,Hamilton Medical G5,Mental Health OfficePsychiatric Assessment & Inpatient Unit
Off,SERVO-i,Adolescent Psychiatry
Off,SERVO-i,Medical Respiratory Inpatient Unit
Off,SERVO-i,Cardiology Inpatient Unit
On,Hamilton Medical G5,Cardiology Inpatient Unit
Off,SERVO-i,Mental Health OfficePsychiatric Assessment & Inpatient Unit
Off,SERVO-i,Medical Respiratory Inpatient Unit
Off,SERVO-i,Inpatient Unit
On,SERVO-i,Laboratory & Pathology Medicine
On,SERVO-i,Medical Respiratory Inpatient Unit
Off,SERVO-i,Adolescent Psychiatry
Off,SERVO-i,Laboratory & Pathology Medicine
On,Hamilton Medical G5,Adolescent Psychiatry
On,Hamilton Medical G5,Adolescent Psychiatry
On,Hamilton Medical G5,Cardiac Clinical Trials
On,Hamilton Medical G5,Laboratory & Pathology Medicine
On,SERVO-i,Cardiology Inpatient Unit
On,SERVO-i,Inpatient Unit
On,SERVO-i,Inpatient Unit
Off,SERVO-i,Mental Health OfficePsychiatric Assessment & Inpatient Unit
On,SERVO-i,Cardiology Inpatient Unit
On,Hamilton Medical G5,Adolescent Psychiatry
Off,SERVO-i,Medical Respiratory Inpatient Unit
On,SERVO-i,Cardiac Clinical Trials
On,SERVO-i,Mental Health OfficePsychiatric Assessment & Inpatient Unit
On,Hamilton Medical G5,Inpatient Unit
On,SERVO-i,Cardiology Inpatient Unit
Off,SERVO-i,Cardiology Inpatient Unit
Off,SERVO-i,Medical Respiratory Inpatient Unit
Off,Hamilton Medical G5,Laboratory & Pathology Medicine
On,SERVO-i,Adolescent Psychiatry
On,Hamilton Medical G5,Inpatient Unit
Off,SERVO-i,Mental Health OfficePsychiatric Assessment & Inpatient Unit
Off,SERVO-i,Mental Health OfficePsychiatric Assessment & Inpatient Unit
On,Hamilton Medical G5,Adolescent Psychiatry
Off,SERVO-i,Cardiac Clinical Trials
Off,Hamilton Medical G5,Laboratory & Pathology Medicine
On,SERVO-i,Cardiac Clinical Trials
On,SERVO-i,Cardiac Clinical Trials
Off,Hamilton Medical G5,Laboratory & Pathology Medicine
On,SERVO-i,Laboratory & Pathology Medicine
On,SERVO-i,Medical Respiratory Inpatient Unit
Off,Hamilton Medical G5,Mental Health OfficePsychiatric Assessment & Inpatient Unit
On,Hamilton Medical G5,Cardiology Inpatient Unit
On,Hamilton Medical G5,Inpatient Unit
Off,SERVO-i,Inpatient Unit
On,SERVO-i,Mental Health OfficePsychiatric Assessment & Inpatient Unit
Off,SERVO-i,Mental Health OfficePsychiatric Assessment & Inpatient Unit
Off,SERVO-i,Laboratory & Pathology Medicine
Off,Hamilton Medical G5,Adolescent Psychiatry
On,Hamilton Medical G5,Inpatient Unit
On,SERVO-i,Inpatient Unit
Off,SERVO-i,Cardiac Clinical Trials
Off,Hamilton Medical G5,Cardiology Inpatient Unit
Off,Hamilton Medical G5,Mental Health OfficePsychiatric Assessment & Inpatient Unit
Off,Hamilton Medical G5,Laboratory & Pathology Medicine
On,Hamilton Medical G5,Laboratory & Pathology Medicine
On,SERVO-i,Cardiac Clinical Trials
On,SERVO-i,Mental Health OfficePsychiatric Assessment & Inpatient Unit
On,SERVO-i,Medical Respiratory Inpatient Unit
On,Hamilton Medical G5,Cardiac Clinical Trials
On,Hamilton Medical G5,Laboratory & Pathology Medicine
On,Hamilton Medical G5,Medical Respiratory Inpatient Unit
On,Hamilton Medical G5,Adolescent Psychiatry
Off,Hamilton Medical G5,Mental Health OfficePsychiatric Assessment & Inpatient Unit
Off,Hamilton Medical G5,Inpatient Unit
On,Hamilton Medical G5,Laboratory & Pathology Medicine
On,SERVO-i,Cardiac Clinical Trials
On,Hamilton Medical G5,Laboratory & Pathology Medicine
Off,SERVO-i,Medical Respiratory Inpatient Unit
On,Hamilton Medical G5,Cardiology Inpatient Unit
Off,Hamilton Medical G5,Medical Respiratory Inpatient Unit
On,SERVO-i,Cardiac Clinical Trials
Off,SERVO-i,Laboratory & Pathology Medicine
On,SERVO-i,Mental Health OfficePsychiatric Assessment & Inpatient Unit
Off,SERVO-i,Adolescent Psychiatry
Off,SERVO-i,Medical Respiratory Inpatient Unit
On,Hamilton Medical G5,Cardiac Clinical Trials
Off,SERVO-i,Cardiac Clinical Trials
On,SERVO-i,Cardiology Inpatient Unit
On,Hamilton Medical G5,Inpatient Unit
On,Hamilton Medical G5,Cardiac Clinical Trials
